Time                ,Current(A)  ,Voltage(V)  ,Pressure(kg),RopeLength(m) ,EncoderValue  ,EncoderAngle(deg),MotorSpeed(rpm),MotorLinearVel(m/s) ,MotorPosition(m),RopeVelocityRaw(m/s),RopeVelocityFiltered(m/s)
19:49:05.152664     ,0.000       ,0.000       ,0.010       ,-0.000        ,2147481585    ,178.682         ,0.000         ,0.000               ,-144.055        ,0.000             ,0.000                 
19:49:05.179326     ,0.000       ,0.000       ,0.010       ,-0.000        ,2147481585    ,178.682         ,0.000         ,0.000               ,-144.055        ,0.000             ,0.000                 
19:49:05.197043     ,0.000       ,0.000       ,0.010       ,-0.000        ,2147481585    ,178.682         ,0.000         ,0.000               ,-144.055        ,0.000             ,0.000                 
19:49:05.214765     ,0.000       ,0.000       ,0.010       ,-0.000        ,2147481585    ,178.682         ,0.000         ,0.000               ,-144.055        ,0.000             ,0.000                 
19:49:05.232542     ,0.000       ,0.000       ,0.010       ,-0.000        ,2147481585    ,178.682         ,0.000         ,0.000               ,-144.055        ,0.000             ,0.000                 
19:49:05.259334     ,0.000       ,0.000       ,0.010       ,-0.000        ,2147481585    ,178.682         ,0.000         ,0.000               ,-144.055        ,0.000             ,0.000                 
19:49:05.277128     ,0.000       ,0.000       ,0.010       ,-0.000        ,2147481585    ,178.682         ,0.000         ,0.000               ,-144.055        ,0.000             ,0.000                 
19:49:05.295018     ,0.000       ,0.000       ,0.010       ,-0.000        ,2147481585    ,178.682         ,0.000         ,0.000               ,-144.055        ,0.000             ,0.000                 
19:49:05.312787     ,0.000       ,0.000       ,0.010       ,-0.000        ,2147481585    ,178.682         ,0.000         ,0.000               ,-144.055        ,0.000             ,0.000                 
19:49:05.339401     ,0.000       ,0.000       ,0.010       ,-0.000        ,2147481585    ,178.682         ,0.000         ,0.000               ,-144.055        ,0.000             ,0.000                 
19:49:05.357160     ,0.000       ,0.000       ,0.010       ,-0.000        ,2147481585    ,178.682         ,0.000         ,0.000               ,-144.055        ,0.000             ,0.000                 
19:49:05.374983     ,0.000       ,0.000       ,0.010       ,-0.000        ,2147481585    ,178.682         ,0.000         ,0.000               ,-144.055        ,0.000             ,0.000                 
19:49:05.392849     ,0.000       ,0.000       ,0.010       ,-0.000        ,2147481585    ,178.682         ,0.000         ,0.000               ,-144.055        ,0.000             ,0.000                 
19:49:05.419420     ,0.000       ,0.000       ,0.010       ,-0.000        ,2147481585    ,178.682         ,0.000         ,0.000               ,-144.055        ,0.000             ,0.000                 
19:49:05.437207     ,0.000       ,0.000       ,0.010       ,-0.000        ,2147481585    ,178.682         ,0.000         ,0.000               ,-144.055        ,0.000             ,0.000                 
19:49:05.455109     ,0.000       ,0.000       ,0.010       ,-0.000        ,2147481585    ,178.682         ,0.000         ,0.000               ,-144.055        ,0.000             ,0.000                 
19:49:05.473035     ,0.000       ,0.000       ,0.010       ,-0.000        ,2147481585    ,178.682         ,0.000         ,0.000               ,-144.055        ,0.000             ,0.000                 
19:49:05.500042     ,0.000       ,0.000       ,0.010       ,-0.000        ,2147481585    ,178.682         ,0.000         ,0.000               ,-144.055        ,0.000             ,0.000                 
19:49:05.517746     ,0.000       ,0.000       ,0.010       ,-0.000        ,2147481585    ,178.682         ,0.000         ,0.000               ,-144.055        ,0.000             ,0.000                 
19:49:05.535487     ,0.000       ,0.000       ,0.010       ,-0.000        ,2147481585    ,178.682         ,0.000         ,0.000               ,-144.055        ,0.000             ,0.000                 
19:49:05.553429     ,0.000       ,0.000       ,0.010       ,-0.000        ,2147481585    ,178.682         ,0.000         ,0.000               ,-144.055        ,0.000             ,0.000                 
19:49:05.580050     ,0.000       ,0.000       ,0.010       ,-0.000        ,2147481585    ,178.682         ,0.000         ,0.000               ,-144.055        ,0.000             ,0.000                 
19:49:05.597970     ,0.000       ,0.000       ,0.010       ,-0.000        ,2147481585    ,178.682         ,0.000         ,0.000               ,-144.055        ,0.000             ,0.000                 
19:49:05.615796     ,0.000       ,0.000       ,0.010       ,-0.000        ,2147481585    ,178.682         ,0.000         ,0.000               ,-144.055        ,0.000             ,0.000                 
19:49:05.633652     ,0.000       ,0.000       ,0.010       ,-0.000        ,2147481585    ,178.682         ,0.000         ,0.000               ,-144.055        ,0.000             ,0.000                 
19:49:05.660093     ,0.000       ,0.000       ,0.010       ,-0.000        ,2147481585    ,178.682         ,0.000         ,0.000               ,-144.055        ,0.000             ,0.000                 
19:49:05.678009     ,0.000       ,0.000       ,0.010       ,-0.000        ,2147481585    ,178.682         ,0.000         ,0.000               ,-144.055        ,0.000             ,0.000                 
19:49:05.695929     ,0.000       ,0.000       ,0.010       ,-0.000        ,2147481585    ,178.682         ,0.000         ,0.000               ,-144.055        ,0.000             ,0.000                 
19:49:05.713891     ,0.000       ,0.000       ,0.010       ,-0.000        ,2147481585    ,178.682         ,0.000         ,0.000               ,-144.055        ,0.000             ,0.000                 
19:49:05.740435     ,0.000       ,0.000       ,0.010       ,-0.000        ,2147481585    ,178.682         ,0.000         ,0.000               ,-144.055        ,0.000             ,0.000                 
19:49:05.758575     ,0.000       ,0.000       ,0.010       ,-0.000        ,2147481585    ,178.682         ,0.000         ,0.000               ,-144.055        ,0.000             ,0.000                 
19:49:05.776391     ,0.000       ,0.000       ,0.010       ,-0.000        ,2147481585    ,178.682         ,0.000         ,0.000               ,-144.055        ,0.000             ,0.000                 
19:49:05.803004     ,0.000       ,0.000       ,0.010       ,-0.000        ,2147481585    ,178.682         ,0.000         ,0.000               ,-144.055        ,0.000             ,0.000                 
19:49:05.820682     ,0.000       ,0.000       ,0.010       ,-0.000        ,2147481585    ,178.682         ,0.000         ,0.000               ,-144.055        ,0.000             ,0.000                 
19:49:05.838426     ,0.000       ,0.000       ,0.010       ,-0.000        ,2147481585    ,178.682         ,0.000         ,0.000               ,-144.055        ,0.000             ,0.000                 
19:49:05.865038     ,0.000       ,0.000       ,0.010       ,-0.000        ,2147481585    ,178.682         ,0.000         ,0.000               ,-144.055        ,0.000             ,0.000                 
19:49:05.882940     ,0.000       ,0.000       ,0.010       ,-0.000        ,2147481585    ,178.682         ,0.000         ,0.000               ,-144.055        ,0.000             ,0.000                 
19:49:05.900697     ,0.000       ,0.000       ,0.010       ,-0.000        ,2147481585    ,178.682         ,0.000         ,0.000               ,-144.055        ,0.000             ,0.000                 
19:49:05.918455     ,0.000       ,0.000       ,0.010       ,-0.000        ,2147481585    ,178.682         ,0.000         ,0.000               ,-144.055        ,0.000             ,0.000                 
19:49:05.945181     ,0.000       ,0.000       ,0.010       ,0.000         ,2147481586    ,178.770         ,0.000         ,0.000               ,-144.055        ,0.000             ,0.000                 
19:49:05.963002     ,0.000       ,0.000       ,0.010       ,0.000         ,2147481587    ,178.857         ,0.000         ,0.000               ,-144.055        ,0.000             ,0.000                 
19:49:05.980757     ,0.000       ,0.000       ,0.070       ,0.000         ,2147481588    ,178.945         ,0.000         ,0.000               ,-144.055        ,0.000             ,0.000                 
19:49:05.998512     ,0.000       ,0.000       ,0.070       ,0.000         ,2147481590    ,179.121         ,0.000         ,0.000               ,-144.055        ,0.000             ,0.000                 
19:49:06.025151     ,0.000       ,0.000       ,0.070       ,0.001         ,2147481594    ,179.473         ,0.000         ,0.000               ,-144.055        ,0.000             ,0.000                 
19:49:06.043079     ,0.000       ,0.000       ,0.070       ,0.001         ,2147481598    ,179.824         ,0.000         ,0.000               ,-144.055        ,0.000             ,0.000                 
19:49:06.060825     ,0.000       ,0.000       ,0.070       ,0.001         ,2147481603    ,180.264         ,0.000         ,0.000               ,-144.055        ,0.000             ,0.000                 
19:49:06.078586     ,0.000       ,0.000       ,0.350       ,0.002         ,2147481610    ,180.879         ,0.000         ,0.000               ,-144.055        ,0.001             ,0.000                 
19:49:06.105190     ,0.000       ,0.000       ,0.350       ,0.003         ,2147481622    ,181.934         ,0.000         ,0.000               ,-144.055        ,0.001             ,0.000                 
19:49:06.123184     ,0.000       ,0.000       ,0.350       ,0.003         ,2147481631    ,182.725         ,0.000         ,0.000               ,-144.055        ,0.001             ,0.000                 
19:49:06.141012     ,0.000       ,0.000       ,0.350       ,0.004         ,2147481643    ,183.779         ,0.000         ,0.000               ,-144.055        ,0.001             ,0.000                 
19:49:06.159027     ,0.000       ,0.000       ,0.350       ,0.005         ,2147481653    ,184.658         ,0.000         ,0.000               ,-144.055        ,0.009             ,0.002                 
19:49:06.185623     ,0.000       ,0.000       ,0.430       ,0.007         ,2147481673    ,186.416         ,0.000         ,0.000               ,-144.056        ,0.009             ,0.002                 
19:49:06.203399     ,0.000       ,0.000       ,0.430       ,0.008         ,2147481687    ,187.646         ,-1.000        ,-0.010              ,-144.059        ,0.009             ,0.002                 
19:49:06.221052     ,0.000       ,0.000       ,0.430       ,0.009         ,2147481702    ,188.965         ,-3.000        ,-0.031              ,-144.062        ,0.009             ,0.002                 
19:49:06.238968     ,0.000       ,0.000       ,0.430       ,0.010         ,2147481717    ,190.283         ,-4.000        ,-0.042              ,-144.068        ,0.009             ,0.002                 
19:49:06.265898     ,0.000       ,0.000       ,0.430       ,0.012         ,2147481743    ,192.568         ,-8.000        ,-0.084              ,-144.077        ,0.009             ,0.002                 
19:49:06.283677     ,0.000       ,0.000       ,0.410       ,0.013         ,2147481761    ,194.150         ,-10.000       ,-0.105              ,-144.083        ,0.025             ,0.007                 
19:49:06.301821     ,0.000       ,0.000       ,0.410       ,0.015         ,2147481780    ,195.820         ,-11.000       ,-0.115              ,-144.090        ,0.025             ,0.007                 
19:49:06.319521     ,0.000       ,0.000       ,0.410       ,0.016         ,2147481800    ,197.578         ,-14.000       ,-0.147              ,-144.096        ,0.025             ,0.007                 
19:49:06.346387     ,0.000       ,0.000       ,0.410       ,0.019         ,2147481832    ,200.391         ,-19.000       ,-0.199              ,-144.119        ,0.046             ,0.016                 
19:49:06.364045     ,0.000       ,0.000       ,0.410       ,0.021         ,2147481854    ,202.324         ,-24.000       ,-0.251              ,-144.136        ,0.046             ,0.016                 
19:49:06.381791     ,0.000       ,0.000       ,0.400       ,0.022         ,2147481876    ,204.258         ,-29.000       ,-0.304              ,-144.153        ,0.046             ,0.016                 
19:49:06.399562     ,0.000       ,0.000       ,0.400       ,0.024         ,2147481900    ,206.367         ,-34.000       ,-0.356              ,-144.164        ,0.046             ,0.016                 
19:49:06.426361     ,0.000       ,0.000       ,0.400       ,0.027         ,2147481936    ,209.531         ,-41.000       ,-0.429              ,-144.202        ,0.046             ,0.016                 
19:49:06.444129     ,0.000       ,0.000       ,0.400       ,0.029         ,2147481962    ,211.816         ,-47.000       ,-0.492              ,-144.227        ,0.046             ,0.016                 
19:49:06.462193     ,0.000       ,0.000       ,0.400       ,0.031         ,2147481987    ,214.014         ,-52.000       ,-0.545              ,-144.250        ,0.046             ,0.016                 
19:49:06.480089     ,0.000       ,0.000       ,0.340       ,0.033         ,2147482013    ,216.299         ,-55.000       ,-0.576              ,-144.261        ,0.067             ,0.030                 
19:49:06.506976     ,0.000       ,0.000       ,0.340       ,0.036         ,2147482051    ,219.639         ,-56.000       ,-0.586              ,-144.293        ,0.067             ,0.030                 
19:49:06.524686     ,0.000       ,0.000       ,0.340       ,0.038         ,2147482077    ,221.924         ,-59.000       ,-0.618              ,-144.322        ,0.067             ,0.030                 
19:49:06.542961     ,0.000       ,0.000       ,0.340       ,0.040         ,2147482104    ,224.297         ,-65.000       ,-0.681              ,-144.356        ,0.086             ,0.047                 
19:49:06.560722     ,0.000       ,0.000       ,0.340       ,0.042         ,2147482130    ,226.582         ,-72.000       ,-0.754              ,-144.373        ,0.086             ,0.047                 
19:49:06.578629     ,0.000       ,0.000       ,0.280       ,0.044         ,2147482156    ,228.867         ,-76.000       ,-0.796              ,-144.405        ,0.086             ,0.047                 
19:49:06.605255     ,0.000       ,0.000       ,0.280       ,0.047         ,2147482194    ,232.207         ,-77.000       ,-0.806              ,-144.444        ,0.086             ,0.047                 
19:49:06.622967     ,0.000       ,0.000       ,0.280       ,0.048         ,2147482218    ,234.316         ,-79.000       ,-0.827              ,-144.481        ,0.086             ,0.047                 
19:49:06.640727     ,0.000       ,0.000       ,0.280       ,0.050         ,2147482243    ,236.514         ,-86.000       ,-0.901              ,-144.503        ,0.086             ,0.047                 
19:49:06.658669     ,0.000       ,0.000       ,0.280       ,0.052         ,2147482268    ,238.711         ,-91.000       ,-0.953              ,-144.551        ,0.086             ,0.047                 
19:49:06.685297     ,0.000       ,0.000       ,0.240       ,0.055         ,2147482303    ,241.787         ,-104.000      ,-1.089              ,-144.620        ,0.098             ,0.064                 
19:49:06.703034     ,0.000       ,0.000       ,0.240       ,0.057         ,2147482325    ,243.721         ,-110.000      ,-1.152              ,-144.665        ,0.098             ,0.064                 
19:49:06.720935     ,0.000       ,0.000       ,0.240       ,0.058         ,2147482348    ,245.742         ,-115.000      ,-1.204              ,-144.688        ,0.098             ,0.064                 
19:49:06.738801     ,0.000       ,0.000       ,0.240       ,0.060         ,2147482370    ,247.676         ,-118.000      ,-1.236              ,-144.731        ,0.103             ,0.080                 
19:49:06.765344     ,0.000       ,0.000       ,0.240       ,0.063         ,2147482402    ,250.488         ,-120.000      ,-1.257              ,-144.794        ,0.103             ,0.080                 
19:49:06.783036     ,0.000       ,0.000       ,0.240       ,0.064         ,2147482422    ,252.246         ,-120.000      ,-1.257              ,-144.833        ,0.103             ,0.080                 
19:49:06.800873     ,0.000       ,0.000       ,0.240       ,0.066         ,2147482441    ,253.916         ,-119.000      ,-1.246              ,-144.851        ,0.103             ,0.080                 
19:49:06.827508     ,0.000       ,0.000       ,0.240       ,0.068         ,2147482470    ,256.465         ,-119.000      ,-1.246              ,-144.912        ,0.103             ,0.080                 
19:49:06.845186     ,0.000       ,0.000       ,0.240       ,0.069         ,2147482488    ,258.047         ,-120.000      ,-1.257              ,-144.954        ,0.103             ,0.080                 
19:49:06.862944     ,0.000       ,0.000       ,0.240       ,0.070         ,2147482504    ,259.453         ,-121.000      ,-1.267              ,-144.997        ,0.098             ,0.091                 
19:49:06.880733     ,0.000       ,0.000       ,0.170       ,0.072         ,2147482519    ,260.771         ,-122.000      ,-1.278              ,-145.017        ,0.098             ,0.091                 
19:49:06.907391     ,0.000       ,0.000       ,0.170       ,0.073         ,2147482540    ,262.617         ,-121.000      ,-1.267              ,-145.074        ,0.098             ,0.091                 
19:49:06.925269     ,0.000       ,0.000       ,0.170       ,0.074         ,2147482552    ,263.672         ,-120.000      ,-1.257              ,-145.113        ,0.098             ,0.091                 
19:49:06.943016     ,0.000       ,0.000       ,0.170       ,0.075         ,2147482561    ,264.463         ,-119.000      ,-1.246              ,-145.154        ,0.090             ,0.095                 
19:49:06.960890     ,0.000       ,0.000       ,0.170       ,0.075         ,2147482569    ,265.166         ,-120.000      ,-1.257              ,-145.191        ,0.090             ,0.095                 
19:49:06.987523     ,0.000       ,0.000       ,0.020       ,0.076         ,2147482577    ,265.869         ,-114.000      ,-1.194              ,-145.202        ,0.090             ,0.095                 
19:49:07.005505     ,0.000       ,0.000       ,0.020       ,0.076         ,2147482579    ,266.045         ,-99.000       ,-1.037              ,-145.209        ,0.090             ,0.095                 
19:49:07.023248     ,0.000       ,0.000       ,0.020       ,0.076         ,2147482579    ,266.045         ,-86.000       ,-0.901              ,-145.225        ,0.090             ,0.095                 
19:49:07.040941     ,0.000       ,0.000       ,0.020       ,0.076         ,2147482578    ,265.957         ,-81.000       ,-0.848              ,-145.250        ,0.090             ,0.095                 
19:49:07.067573     ,0.000       ,0.000       ,0.020       ,0.075         ,2147482570    ,265.254         ,-80.000       ,-0.838              ,-145.277        ,0.072             ,0.092                 
19:49:07.085519     ,0.000       ,0.000       ,-0.090      ,0.075         ,2147482563    ,264.639         ,-79.000       ,-0.827              ,-145.300        ,0.072             ,0.092                 
19:49:07.103237     ,0.000       ,0.000       ,-0.090      ,0.074         ,2147482553    ,263.760         ,-76.000       ,-0.796              ,-145.314        ,0.072             ,0.092                 
19:49:07.120953     ,0.000       ,0.000       ,-0.090      ,0.073         ,2147482542    ,262.793         ,-69.000       ,-0.723              ,-145.322        ,0.072             ,0.092                 
19:49:07.147651     ,0.000       ,0.000       ,-0.090      ,0.072         ,2147482521    ,260.947         ,-61.000       ,-0.639              ,-145.332        ,0.039             ,0.080                 
19:49:07.165381     ,0.000       ,0.000       ,-0.090      ,0.070         ,2147482504    ,259.453         ,-56.000       ,-0.586              ,-145.341        ,0.039             ,0.080                 
19:49:07.183140     ,0.000       ,0.000       ,-0.180      ,0.069         ,2147482485    ,257.783         ,-47.000       ,-0.492              ,-145.334        ,0.039             ,0.080                 
19:49:07.200837     ,0.000       ,0.000       ,-0.180      ,0.068         ,2147482467    ,256.201         ,-37.000       ,-0.387              ,-145.333        ,0.039             ,0.080                 
19:49:07.227480     ,0.000       ,0.000       ,-0.180      ,0.065         ,2147482435    ,253.389         ,-29.000       ,-0.304              ,-145.333        ,0.039             ,0.080                 
19:49:07.245204     ,0.000       ,0.000       ,-0.180      ,0.063         ,2147482412    ,251.367         ,-24.000       ,-0.251              ,-145.332        ,0.039             ,0.080                 
19:49:07.263038     ,0.000       ,0.000       ,-0.180      ,0.062         ,2147482389    ,249.346         ,-19.000       ,-0.199              ,-145.331        ,-0.003            ,0.059                 
19:49:07.280936     ,0.000       ,0.000       ,-0.310      ,0.060         ,2147482363    ,247.061         ,-15.000       ,-0.157              ,-145.329        ,-0.003            ,0.059                 
19:49:07.307861     ,0.000       ,0.000       ,-0.310      ,0.057         ,2147482323    ,243.545         ,-9.000        ,-0.094              ,-145.309        ,-0.003            ,0.059                 
19:49:07.325576     ,0.000       ,0.000       ,-0.310      ,0.054         ,2147482294    ,240.996         ,1.000         ,0.010               ,-145.298        ,-0.045            ,0.030                 
19:49:07.343539     ,0.000       ,0.000       ,-0.310      ,0.052         ,2147482264    ,238.359         ,13.000        ,0.136               ,-145.273        ,-0.045            ,0.030                 
19:49:07.361254     ,0.000       ,0.000       ,-0.310      ,0.050         ,2147482233    ,235.635         ,25.000        ,0.262               ,-145.249        ,-0.045            ,0.030                 
19:49:07.388087     ,0.000       ,0.000       ,-0.300      ,0.046         ,2147482187    ,231.592         ,34.000        ,0.356               ,-145.208        ,-0.045            ,0.030                 
19:49:07.405891     ,0.000       ,0.000       ,-0.300      ,0.044         ,2147482154    ,228.691         ,43.000        ,0.450               ,-145.191        ,-0.045            ,0.030                 
19:49:07.423563     ,0.000       ,0.000       ,-0.300      ,0.041         ,2147482120    ,225.703         ,54.000        ,0.565               ,-145.155        ,-0.045            ,0.030                 
19:49:07.441357     ,0.000       ,0.000       ,-0.300      ,0.038         ,2147482084    ,222.539         ,65.000        ,0.681               ,-145.116        ,-0.045            ,0.030                 
19:49:07.467952     ,0.000       ,0.000       ,-0.300      ,0.034         ,2147482032    ,217.969         ,74.000        ,0.775               ,-145.057        ,-0.081            ,-0.004                
19:49:07.485692     ,0.000       ,0.000       ,-0.300      ,0.031         ,2147481995    ,214.717         ,82.000        ,0.859               ,-145.039        ,-0.081            ,-0.004                
19:49:07.503491     ,0.000       ,0.000       ,-0.300      ,0.028         ,2147481957    ,211.377         ,88.000        ,0.922               ,-145.000        ,-0.081            ,-0.004                
19:49:07.521182     ,0.000       ,0.000       ,-0.300      ,0.026         ,2147481919    ,208.037         ,95.000        ,0.995               ,-144.953        ,-0.112            ,-0.040                
19:49:07.547998     ,0.000       ,0.000       ,-0.300      ,0.021         ,2147481862    ,203.027         ,106.000       ,1.110               ,-144.870        ,-0.112            ,-0.040                
19:49:07.565767     ,0.000       ,0.000       ,-0.300      ,0.018         ,2147481821    ,199.424         ,117.000       ,1.225               ,-144.839        ,-0.112            ,-0.040                
19:49:07.583638     ,0.000       ,0.000       ,-0.290      ,0.015         ,2147481781    ,195.908         ,130.000       ,1.361               ,-144.773        ,-0.112            ,-0.040                
19:49:07.601454     ,0.000       ,0.000       ,-0.290      ,0.012         ,2147481739    ,192.217         ,142.000       ,1.487               ,-144.708        ,-0.112            ,-0.040                
19:49:07.628003     ,0.000       ,0.000       ,-0.290      ,0.007         ,2147481676    ,186.680         ,151.000       ,1.581               ,-144.618        ,-0.112            ,-0.040                
19:49:07.645989     ,0.000       ,0.000       ,-0.290      ,0.004         ,2147481636    ,183.164         ,156.000       ,1.634               ,-144.587        ,-0.137            ,-0.075                
19:49:07.663723     ,0.000       ,0.000       ,-0.290      ,0.001         ,2147481593    ,179.385         ,161.000       ,1.686               ,-144.524        ,-0.137            ,-0.075                
19:49:07.681408     ,0.000       ,0.000       ,-0.290      ,-0.003        ,2147481549    ,175.518         ,166.000       ,1.738               ,-144.460        ,-0.137            ,-0.075                
19:49:07.699512     ,0.000       ,0.000       ,-0.290      ,-0.006        ,2147481505    ,171.650         ,173.000       ,1.812               ,-144.390        ,-0.137            ,-0.075                
19:49:07.726008     ,0.000       ,0.000       ,-0.290      ,-0.011        ,2147481441    ,166.025         ,181.000       ,1.895               ,-144.316        ,-0.156            ,-0.106                
19:49:07.743773     ,0.000       ,0.000       ,-0.290      ,-0.015        ,2147481396    ,162.070         ,189.000       ,1.979               ,-144.241        ,-0.156            ,-0.106                
19:49:07.761462     ,0.000       ,0.000       ,-0.290      ,-0.018        ,2147481352    ,158.203         ,194.000       ,2.032               ,-144.169        ,-0.156            ,-0.106                
19:49:07.788101     ,0.000       ,0.000       ,-0.270      ,-0.023        ,2147481284    ,152.227         ,198.000       ,2.073               ,-144.059        ,-0.156            ,-0.106                
19:49:07.805890     ,0.000       ,0.000       ,-0.270      ,-0.026        ,2147481242    ,148.535         ,203.000       ,2.126               ,-143.986        ,-0.156            ,-0.106                
19:49:07.823647     ,0.000       ,0.000       ,-0.270      ,-0.030        ,2147481197    ,144.580         ,206.000       ,2.157               ,-143.951        ,-0.156            ,-0.106                
19:49:07.841371     ,0.000       ,0.000       ,-0.270      ,-0.033        ,2147481152    ,140.625         ,206.000       ,2.157               ,-143.882        ,-0.171            ,-0.131                
19:49:07.868048     ,0.000       ,0.000       ,-0.270      ,-0.038        ,2147481087    ,134.912         ,207.000       ,2.168               ,-143.774        ,-0.171            ,-0.131                
19:49:07.885734     ,0.000       ,0.000       ,-0.250      ,-0.042        ,2147481042    ,130.957         ,209.000       ,2.189               ,-143.701        ,-0.171            ,-0.131                
19:49:07.903473     ,0.000       ,0.000       ,-0.250      ,-0.045        ,2147480997    ,127.002         ,211.000       ,2.210               ,-143.665        ,-0.171            ,-0.131                
19:49:07.921418     ,0.000       ,0.000       ,-0.250      ,-0.049        ,2147480953    ,123.135         ,211.000       ,2.210               ,-143.594        ,-0.182            ,-0.151                
19:49:07.947855     ,0.000       ,0.000       ,-0.250      ,-0.054        ,2147480888    ,117.422         ,212.000       ,2.220               ,-143.485        ,-0.182            ,-0.151                
19:49:07.965617     ,0.000       ,0.000       ,-0.250      ,-0.057        ,2147480843    ,113.467         ,213.000       ,2.231               ,-143.449        ,-0.182            ,-0.151                
19:49:07.983400     ,0.000       ,0.000       ,-0.250      ,-0.060        ,2147480798    ,109.512         ,213.000       ,2.231               ,-143.379        ,-0.182            ,-0.151                
19:49:08.010166     ,0.000       ,0.000       ,-0.250      ,-0.066        ,2147480730    ,103.535         ,213.000       ,2.231               ,-143.272        ,-0.182            ,-0.151                
19:49:08.028070     ,0.000       ,0.000       ,-0.250      ,-0.069        ,2147480688    ,99.844          ,213.000       ,2.231               ,-143.200        ,-0.182            ,-0.151                
19:49:08.045839     ,0.000       ,0.000       ,-0.250      ,-0.072        ,2147480643    ,95.889          ,213.000       ,2.231               ,-143.165        ,-0.187            ,-0.166                
19:49:08.063624     ,0.000       ,0.000       ,-0.250      ,-0.076        ,2147480599    ,92.021          ,213.000       ,2.231               ,-143.095        ,-0.187            ,-0.166                
19:49:08.081728     ,0.000       ,0.000       ,-0.250      ,-0.079        ,2147480554    ,88.066          ,213.000       ,2.231               ,-143.024        ,-0.187            ,-0.166                
19:49:08.108121     ,0.000       ,0.000       ,-0.250      ,-0.084        ,2147480488    ,82.266          ,213.000       ,2.231               ,-142.921        ,-0.188            ,-0.177                
19:49:08.125914     ,0.000       ,0.000       ,-0.250      ,-0.087        ,2147480447    ,78.662          ,211.000       ,2.210               ,-142.887        ,-0.188            ,-0.177                
19:49:08.143654     ,0.000       ,0.000       ,-0.250      ,-0.091        ,2147480403    ,74.795          ,209.000       ,2.189               ,-142.820        ,-0.188            ,-0.177                
19:49:08.161539     ,0.000       ,0.000       ,-0.250      ,-0.094        ,2147480360    ,71.016          ,208.000       ,2.178               ,-142.752        ,-0.188            ,-0.177                
19:49:08.188146     ,0.000       ,0.000       ,-0.230      ,-0.099        ,2147480296    ,65.391          ,207.000       ,2.168               ,-142.652        ,-0.188            ,-0.177                
19:49:08.205933     ,0.000       ,0.000       ,-0.230      ,-0.102        ,2147480256    ,61.875          ,206.000       ,2.157               ,-142.618        ,-0.188            ,-0.177                
19:49:08.223682     ,0.000       ,0.000       ,-0.230      ,-0.105        ,2147480214    ,58.184          ,205.000       ,2.147               ,-142.550        ,-0.188            ,-0.177                
19:49:08.241547     ,0.000       ,0.000       ,-0.230      ,-0.108        ,2147480172    ,54.492          ,206.000       ,2.157               ,-142.480        ,-0.188            ,-0.183                
19:49:08.268186     ,0.000       ,0.000       ,-0.230      ,-0.113        ,2147480111    ,49.131          ,206.000       ,2.157               ,-142.379        ,-0.188            ,-0.183                
19:49:08.285938     ,0.000       ,0.000       ,-0.230      ,-0.116        ,2147480072    ,45.703          ,205.000       ,2.147               ,-142.313        ,-0.188            ,-0.183                
19:49:08.303739     ,0.000       ,0.000       ,-0.230      ,-0.119        ,2147480031    ,42.100          ,204.000       ,2.136               ,-142.280        ,-0.186            ,-0.186                
19:49:08.321656     ,0.000       ,0.000       ,-0.230      ,-0.122        ,2147479991    ,38.584          ,203.000       ,2.126               ,-142.214        ,-0.186            ,-0.186                
19:49:08.348199     ,0.000       ,0.000       ,-0.230      ,-0.127        ,2147479932    ,33.398          ,201.000       ,2.105               ,-142.122        ,-0.186            ,-0.186                
19:49:08.365817     ,0.000       ,0.000       ,-0.230      ,-0.130        ,2147479895    ,30.146          ,198.000       ,2.073               ,-142.061        ,-0.186            ,-0.186                
19:49:08.383550     ,0.000       ,0.000       ,-0.210      ,-0.133        ,2147479856    ,26.719          ,195.000       ,2.042               ,-142.030        ,-0.186            ,-0.186                
19:49:08.410161     ,0.000       ,0.000       ,-0.210      ,-0.137        ,2147479798    ,21.621          ,191.000       ,2.000               ,-141.941        ,-0.186            ,-0.186                
19:49:08.427923     ,0.000       ,0.000       ,-0.210      ,-0.140        ,2147479763    ,18.545          ,190.000       ,1.990               ,-141.884        ,-0.179            ,-0.186                
19:49:08.445781     ,0.000       ,0.000       ,-0.210      ,-0.143        ,2147479725    ,15.205          ,187.000       ,1.958               ,-141.854        ,-0.179            ,-0.186                
19:49:08.463435     ,0.000       ,0.000       ,-0.210      ,-0.146        ,2147479688    ,11.953          ,186.000       ,1.948               ,-141.793        ,-0.179            ,-0.186                
19:49:08.490081     ,0.000       ,0.000       ,-0.190      ,-0.150        ,2147479634    ,7.207           ,183.000       ,1.916               ,-141.706        ,-0.179            ,-0.186                
19:49:08.508025     ,0.000       ,0.000       ,-0.190      ,-0.152        ,2147479600    ,4.219           ,182.000       ,1.906               ,-141.651        ,-0.172            ,-0.183                
19:49:08.525750     ,0.000       ,0.000       ,-0.190      ,-0.155        ,2147479564    ,1.055           ,179.000       ,1.874               ,-141.596        ,-0.172            ,-0.183                
19:49:08.543466     ,0.000       ,0.000       ,-0.190      ,-0.158        ,2147479530    ,358.066         ,177.000       ,1.854               ,-141.568        ,-0.172            ,-0.183                
19:49:08.570096     ,0.000       ,0.000       ,-0.190      ,-0.162        ,2147479478    ,353.496         ,174.000       ,1.822               ,-141.486        ,-0.172            ,-0.183                
19:49:08.588512     ,0.000       ,0.000       ,-0.180      ,-0.164        ,2147479444    ,350.508         ,171.000       ,1.791               ,-141.434        ,-0.172            ,-0.183                
19:49:08.606281     ,0.000       ,0.000       ,-0.180      ,-0.167        ,2147479411    ,347.607         ,170.000       ,1.780               ,-141.382        ,-0.172            ,-0.183                
19:49:08.624069     ,0.000       ,0.000       ,-0.180      ,-0.169        ,2147479378    ,344.707         ,167.000       ,1.749               ,-141.356        ,-0.164            ,-0.178                
19:49:08.651084     ,0.000       ,0.000       ,-0.180      ,-0.173        ,2147479332    ,340.664         ,166.000       ,1.738               ,-141.273        ,-0.164            ,-0.178                
19:49:08.668745     ,0.000       ,0.000       ,-0.180      ,-0.175        ,2147479301    ,337.939         ,165.000       ,1.728               ,-141.223        ,-0.164            ,-0.178                
19:49:08.686521     ,0.000       ,0.000       ,-0.120      ,-0.177        ,2147479272    ,335.391         ,163.000       ,1.707               ,-141.181        ,-0.164            ,-0.178                
19:49:08.704288     ,0.000       ,0.000       ,-0.120      ,-0.180        ,2147479243    ,332.842         ,156.000       ,1.634               ,-141.161        ,-0.154            ,-0.171                
19:49:08.730895     ,0.000       ,0.000       ,-0.120      ,-0.183        ,2147479202    ,329.238         ,149.000       ,1.560               ,-141.095        ,-0.154            ,-0.171                
19:49:08.748619     ,0.000       ,0.000       ,-0.120      ,-0.185        ,2147479175    ,326.865         ,148.000       ,1.550               ,-141.049        ,-0.154            ,-0.171                
19:49:08.766521     ,0.000       ,0.000       ,-0.120      ,-0.187        ,2147479149    ,324.580         ,146.000       ,1.529               ,-141.005        ,-0.154            ,-0.171                
19:49:08.784289     ,0.000       ,0.000       ,-0.090      ,-0.189        ,2147479124    ,322.383         ,144.000       ,1.508               ,-140.983        ,-0.154            ,-0.171                
19:49:08.811081     ,0.000       ,0.000       ,-0.090      ,-0.192        ,2147479089    ,319.307         ,139.000       ,1.456               ,-140.921        ,-0.154            ,-0.171                
19:49:08.828888     ,0.000       ,0.000       ,-0.090      ,-0.193        ,2147479068    ,317.461         ,138.000       ,1.445               ,-140.879        ,-0.142            ,-0.162                
19:49:08.846627     ,0.000       ,0.000       ,-0.090      ,-0.195        ,2147479047    ,315.615         ,136.000       ,1.424               ,-140.834        ,-0.142            ,-0.162                
19:49:08.864376     ,0.000       ,0.000       ,-0.090      ,-0.196        ,2147479028    ,313.945         ,135.000       ,1.414               ,-140.812        ,-0.142            ,-0.162                
19:49:08.891133     ,0.000       ,0.000       ,-0.030      ,-0.198        ,2147479002    ,311.660         ,132.000       ,1.382               ,-140.754        ,-0.125            ,-0.151                
19:49:08.908891     ,0.000       ,0.000       ,-0.030      ,-0.199        ,2147478987    ,310.342         ,128.000       ,1.340               ,-140.719        ,-0.125            ,-0.151                
19:49:08.926609     ,0.000       ,0.000       ,-0.030      ,-0.200        ,2147478973    ,309.111         ,126.000       ,1.319               ,-140.685        ,-0.125            ,-0.151                
19:49:08.944389     ,0.000       ,0.000       ,-0.030      ,-0.201        ,2147478961    ,308.057         ,121.000       ,1.267               ,-140.671        ,-0.125            ,-0.151                
19:49:08.971018     ,0.000       ,0.000       ,-0.030      ,-0.202        ,2147478947    ,306.826         ,112.000       ,1.173               ,-140.628        ,-0.125            ,-0.151                
19:49:08.989083     ,0.000       ,0.000       ,0.030       ,-0.203        ,2147478938    ,306.035         ,108.000       ,1.131               ,-140.596        ,-0.125            ,-0.151                
19:49:09.006881     ,0.000       ,0.000       ,0.030       ,-0.203        ,2147478933    ,305.596         ,107.000       ,1.121               ,-140.564        ,-0.125            ,-0.151                
19:49:09.024826     ,0.000       ,0.000       ,0.030       ,-0.204        ,2147478929    ,305.244         ,105.000       ,1.100               ,-140.548        ,-0.102            ,-0.138                
19:49:09.051402     ,0.000       ,0.000       ,0.030       ,-0.204        ,2147478927    ,305.068         ,100.000       ,1.047               ,-140.512        ,-0.102            ,-0.138                
19:49:09.069159     ,0.000       ,0.000       ,0.030       ,-0.204        ,2147478927    ,305.068         ,86.000        ,0.901               ,-140.512        ,-0.102            ,-0.138                
19:49:09.086716     ,0.000       ,0.000       ,0.070       ,-0.204        ,2147478929    ,305.244         ,79.000        ,0.827               ,-140.509        ,-0.071            ,-0.119                
19:49:09.104486     ,0.000       ,0.000       ,0.070       ,-0.203        ,2147478933    ,305.596         ,66.000        ,0.691               ,-140.505        ,-0.071            ,-0.119                
19:49:09.131048     ,0.000       ,0.000       ,0.070       ,-0.203        ,2147478941    ,306.299         ,57.000        ,0.597               ,-140.488        ,-0.071            ,-0.119                
19:49:09.148812     ,0.000       ,0.000       ,0.070       ,-0.202        ,2147478948    ,306.914         ,55.000        ,0.576               ,-140.480        ,-0.071            ,-0.119                
19:49:09.166591     ,0.000       ,0.000       ,0.070       ,-0.202        ,2147478956    ,307.617         ,49.000        ,0.513               ,-140.476        ,-0.071            ,-0.119                
19:49:09.184294     ,0.000       ,0.000       ,0.080       ,-0.201        ,2147478965    ,308.408         ,42.000        ,0.440               ,-140.474        ,-0.071            ,-0.119                
19:49:09.211107     ,0.000       ,0.000       ,0.080       ,-0.200        ,2147478980    ,309.727         ,34.000        ,0.356               ,-140.468        ,-0.035            ,-0.095                
19:49:09.229087     ,0.000       ,0.000       ,0.080       ,-0.199        ,2147478991    ,310.693         ,31.000        ,0.325               ,-140.463        ,-0.035            ,-0.095                
19:49:09.246827     ,0.000       ,0.000       ,0.080       ,-0.198        ,2147479003    ,311.748         ,29.000        ,0.304               ,-140.465        ,-0.035            ,-0.095                
19:49:09.264553     ,0.000       ,0.000       ,0.080       ,-0.197        ,2147479015    ,312.803         ,22.000        ,0.230               ,-140.472        ,-0.035            ,-0.095                
19:49:09.291222     ,0.000       ,0.000       ,0.140       ,-0.196        ,2147479033    ,314.385         ,8.000         ,0.084               ,-140.486        ,-0.001            ,-0.067                
19:49:09.308956     ,0.000       ,0.000       ,0.140       ,-0.195        ,2147479044    ,315.352         ,3.000         ,0.031               ,-140.493        ,-0.001            ,-0.067                
19:49:09.326698     ,0.000       ,0.000       ,0.140       ,-0.194        ,2147479056    ,316.406         ,0.000         ,0.000               ,-140.506        ,-0.001            ,-0.067                
19:49:09.344449     ,0.000       ,0.000       ,0.140       ,-0.193        ,2147479067    ,317.373         ,-7.000        ,-0.073              ,-140.516        ,-0.001            ,-0.067                
19:49:09.371008     ,0.000       ,0.000       ,0.140       ,-0.192        ,2147479084    ,318.867         ,-21.000       ,-0.220              ,-140.547        ,-0.001            ,-0.067                
19:49:09.388809     ,0.000       ,0.000       ,0.180       ,-0.191        ,2147479094    ,319.746         ,-24.000       ,-0.251              ,-140.565        ,-0.001            ,-0.067                
19:49:09.406558     ,0.000       ,0.000       ,0.180       ,-0.190        ,2147479104    ,320.625         ,-30.000       ,-0.314              ,-140.582        ,0.026             ,-0.037                
19:49:09.424484     ,0.000       ,0.000       ,0.180       ,-0.190        ,2147479114    ,321.504         ,-34.000       ,-0.356              ,-140.591        ,0.026             ,-0.037                
19:49:09.451095     ,0.000       ,0.000       ,0.180       ,-0.189        ,2147479128    ,322.734         ,-41.000       ,-0.429              ,-140.625        ,0.026             ,-0.037                
19:49:09.468827     ,0.000       ,0.000       ,0.180       ,-0.188        ,2147479136    ,323.438         ,-49.000       ,-0.513              ,-140.655        ,0.026             ,-0.037                
19:49:09.486616     ,0.000       ,0.000       ,0.170       ,-0.187        ,2147479145    ,324.229         ,-52.000       ,-0.545              ,-140.684        ,0.036             ,-0.009                
19:49:09.504403     ,0.000       ,0.000       ,0.170       ,-0.187        ,2147479153    ,324.932         ,-59.000       ,-0.618              ,-140.698        ,0.036             ,-0.009                
19:49:09.531118     ,0.000       ,0.000       ,0.170       ,-0.186        ,2147479164    ,325.898         ,-64.000       ,-0.670              ,-140.738        ,0.036             ,-0.009                
19:49:09.548934     ,0.000       ,0.000       ,0.170       ,-0.185        ,2147479170    ,326.426         ,-67.000       ,-0.702              ,-140.764        ,0.036             ,-0.009                
19:49:09.566684     ,0.000       ,0.000       ,0.170       ,-0.185        ,2147479176    ,326.953         ,-68.000       ,-0.712              ,-140.788        ,0.036             ,-0.009                
19:49:09.584551     ,0.000       ,0.000       ,0.170       ,-0.184        ,2147479182    ,327.480         ,-69.000       ,-0.723              ,-140.801        ,0.036             ,-0.009                
19:49:09.611255     ,0.000       ,0.000       ,0.170       ,-0.184        ,2147479190    ,328.184         ,-70.000       ,-0.733              ,-140.837        ,0.038             ,0.013                 
19:49:09.629396     ,0.000       ,0.000       ,0.170       ,-0.183        ,2147479196    ,328.711         ,-71.000       ,-0.744              ,-140.864        ,0.038             ,0.013                 
19:49:09.647200     ,0.000       ,0.000       ,0.170       ,-0.183        ,2147479201    ,329.150         ,-72.000       ,-0.754              ,-140.892        ,0.038             ,0.013                 
19:49:09.665099     ,0.000       ,0.000       ,0.170       ,-0.183        ,2147479205    ,329.502         ,-74.000       ,-0.775              ,-140.920        ,0.038             ,0.013                 
19:49:09.691653     ,0.000       ,0.000       ,0.200       ,-0.182        ,2147479212    ,330.117         ,-77.000       ,-0.806              ,-140.947        ,0.033             ,0.026                 
19:49:09.709644     ,0.000       ,0.000       ,0.200       ,-0.182        ,2147479216    ,330.469         ,-77.000       ,-0.806              ,-140.971        ,0.033             ,0.026                 
19:49:09.727438     ,0.000       ,0.000       ,0.200       ,-0.181        ,2147479221    ,330.908         ,-76.000       ,-0.796              ,-140.987        ,0.033             ,0.026                 
19:49:09.746710     ,0.000       ,0.000       ,0.200       ,-0.181        ,2147479225    ,331.260         ,-71.000       ,-0.744              ,-141.000        ,0.033             ,0.026                 
19:49:09.773335     ,0.000       ,0.000       ,0.200       ,-0.181        ,2147479232    ,331.875         ,-63.000       ,-0.660              ,-141.013        ,0.033             ,0.026                 
19:49:09.791070     ,0.000       ,0.000       ,0.240       ,-0.180        ,2147479236    ,332.227         ,-59.000       ,-0.618              ,-141.027        ,0.033             ,0.026                 
19:49:09.808988     ,0.000       ,0.000       ,0.240       ,-0.180        ,2147479241    ,332.666         ,-56.000       ,-0.586              ,-141.043        ,0.027             ,0.032                 
19:49:09.826731     ,0.000       ,0.000       ,0.240       ,-0.179        ,2147479246    ,333.105         ,-56.000       ,-0.586              ,-141.060        ,0.027             ,0.032                 
19:49:09.853352     ,0.000       ,0.000       ,0.240       ,-0.179        ,2147479254    ,333.809         ,-50.000       ,-0.524              ,-141.060        ,0.027             ,0.032                 
19:49:09.871098     ,0.000       ,0.000       ,0.240       ,-0.178        ,2147479259    ,334.248         ,-40.000       ,-0.419              ,-141.060        ,0.023             ,0.031                 
19:49:09.889003     ,0.000       ,0.000       ,0.280       ,-0.178        ,2147479265    ,334.775         ,-33.000       ,-0.346              ,-141.060        ,0.023             ,0.031                 
19:49:09.906812     ,0.000       ,0.000       ,0.280       ,-0.178        ,2147479271    ,335.303         ,-30.000       ,-0.314              ,-141.061        ,0.023             ,0.031                 
19:49:09.933407     ,0.000       ,0.000       ,0.280       ,-0.177        ,2147479281    ,336.182         ,-23.000       ,-0.241              ,-141.063        ,0.023             ,0.031                 
19:49:09.951338     ,0.000       ,0.000       ,0.280       ,-0.176        ,2147479289    ,336.885         ,-21.000       ,-0.220              ,-141.067        ,0.023             ,0.031                 
19:49:09.969062     ,0.000       ,0.000       ,0.280       ,-0.176        ,2147479296    ,337.500         ,-19.000       ,-0.199              ,-141.072        ,0.023             ,0.031                 
19:49:09.986768     ,0.000       ,0.000       ,0.300       ,-0.175        ,2147479304    ,338.203         ,-19.000       ,-0.199              ,-141.079        ,0.023             ,0.031                 
19:49:10.013425     ,0.000       ,0.000       ,0.300       ,-0.174        ,2147479317    ,339.346         ,-19.000       ,-0.199              ,-141.085        ,0.023             ,0.029                 
19:49:10.031382     ,0.000       ,0.000       ,0.300       ,-0.173        ,2147479326    ,340.137         ,-19.000       ,-0.199              ,-141.091        ,0.023             ,0.029                 
19:49:10.049113     ,0.000       ,0.000       ,0.300       ,-0.173        ,2147479336    ,341.016         ,-19.000       ,-0.199              ,-141.096        ,0.023             ,0.029                 
19:49:10.067184     ,0.000       ,0.000       ,0.300       ,-0.172        ,2147479345    ,341.807         ,-18.000       ,-0.188              ,-141.102        ,0.027             ,0.026                 
19:49:10.093700     ,0.000       ,0.000       ,0.310       ,-0.171        ,2147479361    ,343.213         ,-18.000       ,-0.188              ,-141.107        ,0.027             ,0.026                 
19:49:10.111575     ,0.000       ,0.000       ,0.310       ,-0.170        ,2147479372    ,344.180         ,-18.000       ,-0.188              ,-141.115        ,0.027             ,0.026                 
19:49:10.129287     ,0.000       ,0.000       ,0.310       ,-0.169        ,2147479383    ,345.146         ,-20.000       ,-0.209              ,-141.126        ,0.027             ,0.026                 
19:49:10.147210     ,0.000       ,0.000       ,0.310       ,-0.168        ,2147479395    ,346.201         ,-21.000       ,-0.220              ,-141.136        ,0.027             ,0.026                 
19:49:10.173708     ,0.000       ,0.000       ,0.310       ,-0.167        ,2147479413    ,347.783         ,-23.000       ,-0.241              ,-141.143        ,0.027             ,0.026                 
19:49:10.191568     ,0.000       ,0.000       ,0.310       ,-0.166        ,2147479425    ,348.838         ,-22.000       ,-0.230              ,-141.150        ,0.034             ,0.027                 
19:49:10.209361     ,0.000       ,0.000       ,0.310       ,-0.165        ,2147479438    ,349.980         ,-23.000       ,-0.241              ,-141.159        ,0.034             ,0.027                 
19:49:10.227315     ,0.000       ,0.000       ,0.310       ,-0.164        ,2147479451    ,351.123         ,-23.000       ,-0.241              ,-141.169        ,0.034             ,0.027                 
19:49:10.253955     ,0.000       ,0.000       ,0.310       ,-0.162        ,2147479471    ,352.881         ,-26.000       ,-0.272              ,-141.183        ,0.034             ,0.027                 
19:49:10.271727     ,0.000       ,0.000       ,0.310       ,-0.161        ,2147479486    ,354.199         ,-29.000       ,-0.304              ,-141.197        ,0.042             ,0.030                 
19:49:10.289591     ,0.000       ,0.000       ,0.310       ,-0.160        ,2147479500    ,355.430         ,-31.000       ,-0.325              ,-141.210        ,0.042             ,0.030                 
19:49:10.307522     ,0.000       ,0.000       ,0.310       ,-0.159        ,2147479515    ,356.748         ,-32.000       ,-0.335              ,-141.224        ,0.042             ,0.030                 
19:49:10.334085     ,0.000       ,0.000       ,0.310       ,-0.157        ,2147479538    ,358.770         ,-35.000       ,-0.367              ,-141.240        ,0.042             ,0.030                 
19:49:10.351865     ,0.000       ,0.000       ,0.310       ,-0.156        ,2147479553    ,0.088           ,-38.000       ,-0.398              ,-141.258        ,0.042             ,0.030                 
19:49:10.369629     ,0.000       ,0.000       ,0.310       ,-0.155        ,2147479570    ,1.582           ,-40.000       ,-0.419              ,-141.272        ,0.042             ,0.030                 
19:49:10.387374     ,0.000       ,0.000       ,0.300       ,-0.153        ,2147479586    ,2.988           ,-40.000       ,-0.419              ,-141.287        ,0.050             ,0.035                 
19:49:10.414191     ,0.000       ,0.000       ,0.300       ,-0.151        ,2147479612    ,5.273           ,-42.000       ,-0.440              ,-141.304        ,0.050             ,0.035                 
19:49:10.431921     ,0.000       ,0.000       ,0.300       ,-0.150        ,2147479628    ,6.680           ,-44.000       ,-0.461              ,-141.322        ,0.050             ,0.035                 
19:49:10.449682     ,0.000       ,0.000       ,0.300       ,-0.149        ,2147479646    ,8.262           ,-46.000       ,-0.482              ,-141.343        ,0.050             ,0.035                 
19:49:10.467475     ,0.000       ,0.000       ,0.300       ,-0.147        ,2147479664    ,9.844           ,-48.000       ,-0.503              ,-141.365        ,0.059             ,0.042                 
19:49:10.494076     ,0.000       ,0.000       ,0.290       ,-0.145        ,2147479692    ,12.305          ,-53.000       ,-0.555              ,-141.388        ,0.059             ,0.042                 
19:49:10.511803     ,0.000       ,0.000       ,0.290       ,-0.144        ,2147479710    ,13.887          ,-56.000       ,-0.586              ,-141.412        ,0.059             ,0.042                 
19:49:10.529571     ,0.000       ,0.000       ,0.290       ,-0.142        ,2147479729    ,15.557          ,-60.000       ,-0.628              ,-141.439        ,0.059             ,0.042                 
19:49:10.547258     ,0.000       ,0.000       ,0.290       ,-0.141        ,2147479748    ,17.227          ,-62.000       ,-0.649              ,-141.464        ,0.059             ,0.042                 
19:49:10.573927     ,0.000       ,0.000       ,0.290       ,-0.139        ,2147479777    ,19.775          ,-65.000       ,-0.681              ,-141.488        ,0.059             ,0.042                 
19:49:10.591732     ,0.000       ,0.000       ,0.280       ,-0.137        ,2147479797    ,21.533          ,-66.000       ,-0.691              ,-141.511        ,0.067             ,0.050                 
19:49:10.609519     ,0.000       ,0.000       ,0.280       ,-0.136        ,2147479817    ,23.291          ,-66.000       ,-0.691              ,-141.533        ,0.067             ,0.050                 
19:49:10.627312     ,0.000       ,0.000       ,0.280       ,-0.134        ,2147479838    ,25.137          ,-67.000       ,-0.702              ,-141.561        ,0.067             ,0.050                 
19:49:10.653613     ,0.000       ,0.000       ,0.280       ,-0.132        ,2147479868    ,27.773          ,-72.000       ,-0.754              ,-141.593        ,0.074             ,0.058                 
19:49:10.671392     ,0.000       ,0.000       ,0.280       ,-0.130        ,2147479889    ,29.619          ,-77.000       ,-0.806              ,-141.626        ,0.074             ,0.058                 
19:49:10.689141     ,0.000       ,0.000       ,0.250       ,-0.129        ,2147479910    ,31.465          ,-81.000       ,-0.848              ,-141.660        ,0.074             ,0.058                 
19:49:10.716070     ,0.000       ,0.000       ,0.250       ,-0.126        ,2147479942    ,34.277          ,-84.000       ,-0.880              ,-141.707        ,0.074             ,0.058                 
19:49:10.733792     ,0.000       ,0.000       ,0.250       ,-0.124        ,2147479963    ,36.123          ,-86.000       ,-0.901              ,-141.722        ,0.074             ,0.058                 
19:49:10.751583     ,0.000       ,0.000       ,0.250       ,-0.123        ,2147479985    ,38.057          ,-86.000       ,-0.901              ,-141.751        ,0.074             ,0.058                 
19:49:10.769326     ,0.000       ,0.000       ,0.250       ,-0.121        ,2147480006    ,39.902          ,-86.000       ,-0.901              ,-141.780        ,0.074             ,0.058                 
19:49:10.795978     ,0.000       ,0.000       ,0.230       ,-0.119        ,2147480038    ,42.715          ,-86.000       ,-0.901              ,-141.821        ,0.081             ,0.066                 
19:49:10.813693     ,0.000       ,0.000       ,0.230       ,-0.117        ,2147480060    ,44.648          ,-86.000       ,-0.901              ,-141.835        ,0.081             ,0.066                 
19:49:10.831473     ,0.000       ,0.000       ,0.230       ,-0.115        ,2147480081    ,46.494          ,-86.000       ,-0.901              ,-141.867        ,0.081             ,0.066                 
19:49:10.849325     ,0.000       ,0.000       ,0.230       ,-0.114        ,2147480102    ,48.340          ,-89.000       ,-0.932              ,-141.902        ,0.087             ,0.073                 
19:49:10.875827     ,0.000       ,0.000       ,0.230       ,-0.111        ,2147480133    ,51.064          ,-91.000       ,-0.953              ,-141.952        ,0.087             ,0.073                 
19:49:10.893563     ,0.000       ,0.000       ,0.190       ,-0.110        ,2147480154    ,52.910          ,-93.000       ,-0.974              ,-141.968        ,0.087             ,0.073                 
19:49:10.911299     ,0.000       ,0.000       ,0.190       ,-0.108        ,2147480174    ,54.668          ,-93.000       ,-0.974              ,-142.000        ,0.087             ,0.073                 
19:49:10.929211     ,0.000       ,0.000       ,0.190       ,-0.107        ,2147480195    ,56.514          ,-94.000       ,-0.984              ,-142.031        ,0.087             ,0.073                 
19:49:10.956049     ,0.000       ,0.000       ,0.190       ,-0.104        ,2147480224    ,59.062          ,-93.000       ,-0.974              ,-142.076        ,0.087             ,0.073                 
19:49:10.973758     ,0.000       ,0.000       ,0.190       ,-0.103        ,2147480243    ,60.732          ,-93.000       ,-0.974              ,-142.091        ,0.089             ,0.080                 
19:49:10.991739     ,0.000       ,0.000       ,0.180       ,-0.101        ,2147480263    ,62.490          ,-93.000       ,-0.974              ,-142.123        ,0.089             ,0.080                 
19:49:11.009488     ,0.000       ,0.000       ,0.180       ,-0.100        ,2147480282    ,64.160          ,-94.000       ,-0.984              ,-142.156        ,0.089             ,0.080                 
19:49:11.036266     ,0.000       ,0.000       ,0.180       ,-0.098        ,2147480310    ,66.621          ,-94.000       ,-0.984              ,-142.205        ,0.089             ,0.080                 
19:49:11.054042     ,0.000       ,0.000       ,0.180       ,-0.096        ,2147480329    ,68.291          ,-95.000       ,-0.995              ,-142.220        ,0.088             ,0.084                 
19:49:11.071758     ,0.000       ,0.000       ,0.180       ,-0.095        ,2147480347    ,69.873          ,-95.000       ,-0.995              ,-142.251        ,0.088             ,0.084                 
19:49:11.089550     ,0.000       ,0.000       ,0.180       ,-0.094        ,2147480365    ,71.455          ,-94.000       ,-0.984              ,-142.281        ,0.088             ,0.084                 
19:49:11.116164     ,0.000       ,0.000       ,0.180       ,-0.092        ,2147480392    ,73.828          ,-93.000       ,-0.974              ,-142.323        ,0.088             ,0.084                 
19:49:11.134016     ,0.000       ,0.000       ,0.180       ,-0.090        ,2147480410    ,75.410          ,-91.000       ,-0.953              ,-142.337        ,0.088             ,0.084                 
19:49:11.151776     ,0.000       ,0.000       ,0.180       ,-0.089        ,2147480427    ,76.904          ,-90.000       ,-0.942              ,-142.367        ,0.088             ,0.084                 
19:49:11.169549     ,0.000       ,0.000       ,0.180       ,-0.088        ,2147480444    ,78.398          ,-90.000       ,-0.942              ,-142.397        ,0.085             ,0.086                 
19:49:11.196410     ,0.000       ,0.000       ,0.150       ,-0.086        ,2147480469    ,80.596          ,-91.000       ,-0.953              ,-142.445        ,0.085             ,0.086                 
19:49:11.214072     ,0.000       ,0.000       ,0.150       ,-0.084        ,2147480485    ,82.002          ,-92.000       ,-0.963              ,-142.460        ,0.085             ,0.086                 
19:49:11.231807     ,0.000       ,0.000       ,0.150       ,-0.083        ,2147480500    ,83.320          ,-91.000       ,-0.953              ,-142.488        ,0.085             ,0.086                 
19:49:11.249731     ,0.000       ,0.000       ,0.150       ,-0.082        ,2147480515    ,84.639          ,-89.000       ,-0.932              ,-142.514        ,0.080             ,0.086                 
19:49:11.276428     ,0.000       ,0.000       ,0.150       ,-0.081        ,2147480536    ,86.484          ,-87.000       ,-0.911              ,-142.552        ,0.080             ,0.086                 
19:49:11.294111     ,0.000       ,0.000       ,0.110       ,-0.080        ,2147480549    ,87.627          ,-85.000       ,-0.890              ,-142.564        ,0.080             ,0.086                 
19:49:11.311861     ,0.000       ,0.000       ,0.110       ,-0.079        ,2147480561    ,88.682          ,-82.000       ,-0.859              ,-142.587        ,0.080             ,0.086                 
19:49:11.338480     ,0.000       ,0.000       ,0.110       ,-0.077        ,2147480578    ,90.176          ,-79.000       ,-0.827              ,-142.623        ,0.080             ,0.086                 
19:49:11.356246     ,0.000       ,0.000       ,0.110       ,-0.077        ,2147480584    ,90.703          ,-79.000       ,-0.827              ,-142.649        ,0.080             ,0.086                 
19:49:11.374048     ,0.000       ,0.000       ,0.110       ,-0.076        ,2147480599    ,92.021          ,-79.000       ,-0.827              ,-142.662        ,0.074             ,0.083                 
19:49:11.392109     ,0.000       ,0.000       ,0.090       ,-0.075        ,2147480608    ,92.812          ,-79.000       ,-0.827              ,-142.688        ,0.074             ,0.083                 
19:49:11.419081     ,0.000       ,0.000       ,0.090       ,-0.074        ,2147480620    ,93.867          ,-76.000       ,-0.796              ,-142.720        ,0.074             ,0.083                 
19:49:11.436843     ,0.000       ,0.000       ,0.090       ,-0.073        ,2147480628    ,94.570          ,-74.000       ,-0.775              ,-142.738        ,0.063             ,0.078                 
19:49:11.454570     ,0.000       ,0.000       ,0.090       ,-0.073        ,2147480634    ,95.098          ,-71.000       ,-0.744              ,-142.747        ,0.063             ,0.078                 
19:49:11.472347     ,0.000       ,0.000       ,0.090       ,-0.073        ,2147480639    ,95.537          ,-68.000       ,-0.712              ,-142.765        ,0.063             ,0.078                 
19:49:11.499086     ,0.000       ,0.000       ,0.080       ,-0.072        ,2147480646    ,96.152          ,-61.000       ,-0.639              ,-142.783        ,0.063             ,0.078                 
19:49:11.516859     ,0.000       ,0.000       ,0.080       ,-0.072        ,2147480650    ,96.504          ,-59.000       ,-0.618              ,-142.797        ,0.063             ,0.078                 
19:49:11.534615     ,0.000       ,0.000       ,0.080       ,-0.072        ,2147480652    ,96.680          ,-56.000       ,-0.586              ,-142.805        ,0.063             ,0.078                 
19:49:11.552337     ,0.000       ,0.000       ,0.080       ,-0.071        ,2147480654    ,96.855          ,-53.000       ,-0.555              ,-142.819        ,0.063             ,0.078                 
19:49:11.578984     ,0.000       ,0.000       ,0.080       ,-0.071        ,2147480656    ,97.031          ,-50.000       ,-0.524              ,-142.839        ,0.049             ,0.070                 
19:49:11.596725     ,0.000       ,0.000       ,0.080       ,-0.071        ,2147480656    ,97.031          ,-50.000       ,-0.524              ,-142.849        ,0.049             ,0.070                 
19:49:11.614448     ,0.000       ,0.000       ,0.080       ,-0.071        ,2147480656    ,97.031          ,-45.000       ,-0.471              ,-142.847        ,0.049             ,0.070                 
19:49:11.632195     ,0.000       ,0.000       ,0.080       ,-0.071        ,2147480655    ,96.943          ,-36.000       ,-0.377              ,-142.846        ,0.032             ,0.060                 
19:49:11.658850     ,0.000       ,0.000       ,0.080       ,-0.072        ,2147480652    ,96.680          ,-27.000       ,-0.283              ,-142.847        ,0.032             ,0.060                 
19:49:11.676612     ,0.000       ,0.000       ,0.080       ,-0.072        ,2147480651    ,96.592          ,-25.000       ,-0.262              ,-142.847        ,0.032             ,0.060                 
19:49:11.694335     ,0.000       ,0.000       ,0.030       ,-0.072        ,2147480648    ,96.328          ,-20.000       ,-0.209              ,-142.847        ,0.032             ,0.060                 
19:49:11.712272     ,0.000       ,0.000       ,0.030       ,-0.072        ,2147480646    ,96.152          ,-17.000       ,-0.178              ,-142.847        ,0.032             ,0.060                 
19:49:11.738687     ,0.000       ,0.000       ,0.030       ,-0.072        ,2147480644    ,95.977          ,-12.000       ,-0.126              ,-142.848        ,0.032             ,0.060                 
19:49:11.756485     ,0.000       ,0.000       ,0.030       ,-0.072        ,2147480642    ,95.801          ,-11.000       ,-0.115              ,-142.848        ,0.015             ,0.047                 
19:49:11.774241     ,0.000       ,0.000       ,0.030       ,-0.073        ,2147480640    ,95.625          ,-9.000        ,-0.094              ,-142.848        ,0.015             ,0.047                 
19:49:11.792670     ,0.000       ,0.000       ,0.000       ,-0.073        ,2147480639    ,95.537          ,-8.000        ,-0.084              ,-142.848        ,0.015             ,0.047                 
19:49:11.819246     ,0.000       ,0.000       ,0.000       ,-0.073        ,2147480637    ,95.361          ,-6.000        ,-0.063              ,-142.848        ,0.015             ,0.047                 
19:49:11.837092     ,0.000       ,0.000       ,0.000       ,-0.073        ,2147480637    ,95.361          ,-5.000        ,-0.052              ,-142.847        ,0.004             ,0.032                 
19:49:11.855015     ,0.000       ,0.000       ,0.000       ,-0.073        ,2147480636    ,95.273          ,-3.000        ,-0.031              ,-142.845        ,0.004             ,0.032                 
19:49:11.873185     ,0.000       ,0.000       ,0.000       ,-0.073        ,2147480636    ,95.273          ,-2.000        ,-0.021              ,-142.843        ,0.004             ,0.032                 
19:49:11.899982     ,0.000       ,0.000       ,-0.030      ,-0.073        ,2147480636    ,95.273          ,1.000         ,0.010               ,-142.837        ,0.004             ,0.032                 
19:49:11.917695     ,0.000       ,0.000       ,-0.030      ,-0.073        ,2147480637    ,95.361          ,2.000         ,0.021               ,-142.835        ,0.004             ,0.032                 
19:49:11.935300     ,0.000       ,0.000       ,-0.030      ,-0.073        ,2147480639    ,95.537          ,4.000         ,0.042               ,-142.831        ,0.004             ,0.032                 
19:49:11.953109     ,0.000       ,0.000       ,-0.030      ,-0.073        ,2147480640    ,95.625          ,6.000         ,0.063               ,-142.826        ,-0.000            ,0.020                 
19:49:11.979737     ,0.000       ,0.000       ,-0.030      ,-0.072        ,2147480642    ,95.801          ,8.000         ,0.084               ,-142.818        ,-0.000            ,0.020                 
19:49:11.997479     ,0.000       ,0.000       ,-0.030      ,-0.072        ,2147480644    ,95.977          ,9.000         ,0.094               ,-142.815        ,-0.000            ,0.020                 
19:49:12.015186     ,0.000       ,0.000       ,-0.030      ,-0.072        ,2147480645    ,96.064          ,10.000        ,0.105               ,-142.810        ,-0.000            ,0.020                 
19:49:12.032947     ,0.000       ,0.000       ,-0.030      ,-0.072        ,2147480646    ,96.152          ,11.000        ,0.115               ,-142.805        ,0.001             ,0.010                 
19:49:12.059613     ,0.000       ,0.000       ,-0.030      ,-0.072        ,2147480648    ,96.328          ,13.000        ,0.136               ,-142.795        ,0.001             ,0.010                 
19:49:12.077322     ,0.000       ,0.000       ,-0.030      ,-0.072        ,2147480648    ,96.328          ,14.000        ,0.147               ,-142.793        ,0.001             ,0.010                 
19:49:12.095078     ,0.000       ,0.000       ,-0.030      ,-0.072        ,2147480648    ,96.328          ,14.000        ,0.147               ,-142.788        ,0.001             ,0.010                 
19:49:12.112809     ,0.000       ,0.000       ,-0.030      ,-0.072        ,2147480649    ,96.416          ,13.000        ,0.136               ,-142.785        ,0.001             ,0.010                 
19:49:12.139463     ,0.000       ,0.000       ,-0.030      ,-0.072        ,2147480649    ,96.416          ,12.000        ,0.126               ,-142.780        ,0.001             ,0.010                 
19:49:12.157241     ,0.000       ,0.000       ,-0.030      ,-0.072        ,2147480649    ,96.416          ,12.000        ,0.126               ,-142.778        ,0.003             ,0.005                 
19:49:12.175121     ,0.000       ,0.000       ,-0.030      ,-0.072        ,2147480649    ,96.416          ,12.000        ,0.126               ,-142.775        ,0.003             ,0.005                 
19:49:12.193244     ,0.000       ,0.000       ,-0.030      ,-0.072        ,2147480648    ,96.328          ,12.000        ,0.126               ,-142.772        ,0.003             ,0.005                 
19:49:12.219808     ,0.000       ,0.000       ,-0.030      ,-0.072        ,2147480647    ,96.240          ,10.000        ,0.105               ,-142.769        ,0.003             ,0.002                 
19:49:12.237647     ,0.000       ,0.000       ,-0.030      ,-0.072        ,2147480647    ,96.240          ,9.000         ,0.094               ,-142.768        ,0.003             ,0.002                 
19:49:12.255389     ,0.000       ,0.000       ,-0.030      ,-0.072        ,2147480646    ,96.152          ,9.000         ,0.094               ,-142.766        ,0.003             ,0.002                 
